A_id,B_id,risk,reason
0,1,0.333,Без B возможны задержки или перераспределение ресурсов.
0,2,0.4167,Без B возможны задержки или перераспределение ресурсов.
0,3,0.16666666666666666,Без B возможны задержки или перераспределение ресурсов.
0,4,0.3333333333333333,Без B возможны задержки или перераспределение ресурсов.
0,5,0.5,Без B выполнение A невозможно.
0,6,0.3333333333333333,Без B возможны задержки или перераспределение ресурсов.
0,7,0.16666666666666666,Без B возможны задержки или перераспределение ресурсов.
0,8,0.3333333333333333,Без B возможны задержки или перераспределение ресурсов.
0,9,0.25,Без B возможны задержки или перераспределение ресурсов.
0,10,0.08333333333333333,Без B возможны задержки или перераспределение ресурсов.
0,11,0.25,Без B возможны задержки или перераспределение ресурсов.
0,12,0.25,Без B возможны задержки или перераспределение ресурсов.
0,13,0.3333333333333333,Без B возможны задержки или перераспределение ресурсов.
0,14,0.25,Без B возможны задержки или перераспределение ресурсов.
0,15,0.5,Без B выполнение A невозможно.
0,16,0.3333333333333333,Без B возможны задержки или перераспределение ресурсов.
0,17,0.16666666666666666,Без B возможны задержки или перераспределение ресурсов.
0,18,0.4166666666666667,Без B возможны задержки или перераспределение ресурсов.
0,19,0.3333333333333333,Без B возможны задержки или перераспределение ресурсов.
0,20,0.5,Без B возможны задержки или перераспределение ресурсов.
0,21,0.3333333333333333,Без B возможны задержки или перераспределение ресурсов.
0,22,0.3333333333333333,Без B возможны задержки или перераспределение ресурсов.
0,23,0.3333333333333333,Без B возможны задержки или перераспределение ресурсов.
0,24,0.3333333333333333,Без B возможны задержки или перераспределение ресурсов.
0,25,0.4166666666666667,Без B возможны задержки или перераспределение ресурсов.
0,26,0.6667,Без B выполнение A невозможно.
0,27,0.33,Без B возможны задержки или перераспределение ресурсов.
0,28,0.25,Без B возможны задержки или перераспределение ресурсов.
0,29,0.16666666666666666,Без B возможны задержки или перераспределение ресурсов.
0,30,0.5833333333333334,Без B выполнение A невозможно.
0,31,0.25,Без B возможны задержки или перераспределение ресурсов.
0,32,0.67,Без B выполнение A невозможно.
0,33,0.3333333333333333,Без B возможны задержки или перераспределение ресурсов.
0,34,0.4166666666666667,Без B возможны задержки или перераспределение ресурсов.
0,35,0.5833333333333334,Без B выполнение A невозможно.
0,36,0.25,Без B возможны задержки или перераспределение ресурсов.
0,37,0.3333333333333333,Без B возможны задержки или перераспределение ресурсов.
0,38,0.4167,Без B возможны задержки или перераспределение ресурсов.
0,39,0.5,Без B выполнение A невозможно.
0,40,0.3333333333333333,Без B возможны задержки или перераспределение ресурсов.
0,41,0.4166666666666667,Без B возможны задержки или перераспределение ресурсов.
0,42,0.3333333333333333,Без B возможны задержки или перераспределение ресурсов.
0,43,0.5,Без B выполнение A невозможно.
0,44,0.4166666666666667,Без B возможны задержки или перераспределение ресурсов.
0,45,0.3333333333333333,Без B возможны задержки или перераспределение ресурсов.
0,46,0.3333333333333333,Без B возможны задержки или перераспределение ресурсов.
0,47,0.25,Без B возможны задержки или перераспределение ресурсов.
0,48,0.5,Без B возможны задержки или перераспределение ресурсов.
0,49,0.3333333333333333,Без B возможны задержки или перераспределение ресурсов.
0,50,0.3333333333333333,Без B возможны задержки или перераспределение ресурсов.
0,51,0.3333333333333333,Без B возможны задержки или перераспределение ресурсов.
0,52,0.3333333333333333,Без B возможны задержки или перераспределение ресурсов.
0,53,0.25,Без B возможны задержки или перераспределение ресурсов.
0,54,0.25,Без B возможны задержки или перераспределение ресурсов.
0,55,0.25,Без B возможны задержки или перераспределение ресурсов.
0,56,0.25,Без B возможны задержки или перераспределение ресурсов.
0,57,0.25,Без B возможны задержки или перераспределение ресурсов.
0,58,0.333,Без B возможны задержки или перераспределение ресурсов.
0,59,0.3333333333333333,Без B возможны задержки или перераспределение ресурсов.
0,60,0.3333333333333333,Без B возможны задержки или перераспределение ресурсов.
0,61,0.3333333333333333,Без B возможны задержки или перераспределение ресурсов.
0,62,0.25,Без B возможны задержки или перераспределение ресурсов.
0,63,0.6666666666666666,Без B выполнение A невозможно.
0,64,0.33,Без B возможны задержки или перераспределение ресурсов.
0,65,0.25,Без B возможны задержки или перераспределение ресурсов.
0,66,0.25,Без B возможны задержки или перераспределение ресурсов.
0,67,0.3333333333333333,Без B возможны задержки или перераспределение ресурсов.
0,68,0.1667,Без B возможны задержки или перераспределение ресурсов.
0,69,0.25,Без B возможны задержки или перераспределение ресурсов.
0,70,0.25,Без B возможны задержки или перераспределение ресурсов.
0,71,0.16666666666666666,Без B возможны задержки или перераспределение ресурсов.
0,72,0.25,Без B возможны задержки или перераспределение ресурсов.
0,73,0.3333333333333333,Без B возможны задержки или перераспределение ресурсов.
0,74,0.0,Без B возможны задержки или перераспределение ресурсов.
0,75,0.1667,Без B возможны задержки или перераспределение ресурсов.
0,76,0.25,Без B возможны задержки или перераспределение ресурсов.
0,77,0.25,Без B возможны задержки или перераспределение ресурсов.
0,78,0.3333333333333333,Без B возможны задержки или перераспределение ресурсов.
0,79,0.16666666666666666,Без B возможны задержки или перераспределение ресурсов.
1,0,0.3333333333333333,Без B возможны задержки или перераспределение ресурсов.
1,2,0.16666666666666666,Без B возможны задержки или перераспределение ресурсов.
1,3,0.3333333333333333,Без B возможны задержки или перераспределение ресурсов.
1,4,0.3333333333333333,Без B возможны задержки или перераспределение ресурсов.
1,5,0.333,Без B возможны задержки или перераспределение ресурсов.
1,6,0.4166666666666667,Без B возможны задержки или перераспределение ресурсов.
1,7,0.0,Без B возможны задержки или перераспределение ресурсов.
1,8,0.0,Без B возможны задержки или перераспределение ресурсов.
1,9,0.1667,Без B возможны задержки или перераспределение ресурсов.
1,10,0.25,Без B возможны задержки или перераспределение ресурсов.
1,11,0.16666666666666666,Без B возможны задержки или перераспределение ресурсов.
1,12,0.16666666666666666,Без B возможны задержки или перераспределение ресурсов.
1,13,0.333,Без B возможны задержки или перераспределение ресурсов.
1,14,0.333,Без B возможны задержки или перераспределение ресурсов.
1,15,0.16666666666666666,Без B возможны задержки или перераспределение ресурсов.
1,16,0.17,Без B возможны задержки или перераспределение ресурсов.
1,17,0.17,Без B возможны задержки или перераспределение ресурсов.
1,18,0.16666666666666666,Без B возможны задержки или перераспределение ресурсов.
1,19,0.25,Без B возможны задержки или перераспределение ресурсов.
1,20,0.16666666666666666,Без B возможны задержки или перераспределение ресурсов.
1,21,0.3333333333333333,Без B возможны задержки или перераспределение ресурсов.
1,22,0.16666666666666666,Без B возможны задержки или перераспределение ресурсов.
1,23,0.333,Без B возможны задержки или перераспределение ресурсов.
1,24,0.08333333333333333,Без B возможны задержки или перераспределение ресурсов.
1,25,0.16666666666666666,Без B возможны задержки или перераспределение ресурсов.
1,26,0.08333333333333333,Без B возможны задержки или перераспределение ресурсов.
1,27,0.0,Без B возможны задержки или перераспределение ресурсов.
1,28,0.25,Без B возможны задержки или перераспределение ресурсов.
1,29,0.08333333333333333,Без B возможны задержки или перераспределение ресурсов.
1,30,0.3333333333333333,Без B возможны задержки или перераспределение ресурсов.
1,31,0.3333333333333333,Без B возможны задержки или перераспределение ресурсов.
1,32,0.16666666666666666,Без B возможны задержки или перераспределение ресурсов.
1,33,0.3333333333333333,Без B возможны задержки или перераспределение ресурсов.
1,34,0.333,Без B возможны задержки или перераспределение ресурсов.
1,35,0.25,Без B возможны задержки или перераспределение ресурсов.
1,36,0.25,Без B возможны задержки или перераспределение ресурсов.
1,37,0.3333333333333333,Без B возможны задержки или перераспределение ресурсов.
1,38,0.167,Без B возможны задержки или перераспределение ресурсов.
1,39,0.3333333333333333,Без B возможны задержки или перераспределение ресурсов.
1,40,0.0,Без B возможны задержки или перераспределение ресурсов.
1,41,0.0,Без B возможны задержки или перераспределение ресурсов.
1,42,0.0,Без B возможны задержки или перераспределение ресурсов.
1,43,0.08333333333333333,Без B возможны задержки или перераспределение ресурсов.
1,44,0.083,Без B возможны задержки или перераспределение ресурсов.
1,45,0.0,Без B возможны задержки или перераспределение ресурсов.
1,46,0.16666666666666666,Без B возможны задержки или перераспределение ресурсов.
1,47,0.25,Без B возможны задержки или перераспределение ресурсов.
1,48,0.0,Без B возможны задержки или перераспределение ресурсов.
1,49,0.16666666666666666,Без B возможны задержки или перераспределение ресурсов.
1,50,0.0,Без B возможны задержки или перераспределение ресурсов.
1,51,0.25,Без B возможны задержки или перераспределение ресурсов.
1,52,0.08333333333333333,Без B возможны задержки или перераспределение ресурсов.
1,53,0.16666666666666666,Без B возможны задержки или перераспределение ресурсов.
1,54,0.25,Без B возможны задержки или перераспределение ресурсов.
1,55,0.25,Без B возможны задержки или перераспределение ресурсов.
1,56,0.0,Без B возможны задержки или перераспределение ресурсов.
1,57,0.25,Без B возможны задержки или перераспределение ресурсов.
1,58,0.3333333333333333,Без B возможны задержки или перераспределение ресурсов.
1,59,0.3333333333333333,Без B возможны задержки или перераспределение ресурсов.
1,60,0.25,Без B возможны задержки или перераспределение ресурсов.
1,61,0.17,Без B возможны задержки или перераспределение ресурсов.
1,62,0.25,Без B возможны задержки или перераспределение ресурсов.
1,63,0.16666666666666666,Без B возможны задержки или перераспределение ресурсов.
1,64,0.25,Без B возможны задержки или перераспределение ресурсов.
1,65,0.16666666666666666,Без B возможны задержки или перераспределение ресурсов.
1,66,0.17,Без B возможны задержки или перераспределение ресурсов.
1,67,0.25,Без B возможны задержки или перераспределение ресурсов.
1,68,0.25,Без B возможны задержки или перераспределение ресурсов.
1,69,0.3333333333333333,Без B возможны задержки или перераспределение ресурсов.
1,70,0.0,Без B возможны задержки или перераспределение ресурсов.
1,71,0.0,Без B возможны задержки или перераспределение ресурсов.
1,72,0.25,Без B возможны задержки или перераспределение ресурсов.
1,73,0.16666666666666666,Без B возможны задержки или перераспределение ресурсов.
1,74,0.0,Без B возможны задержки или перераспределение ресурсов.
1,75,0.0,Без B возможны задержки или перераспределение ресурсов.
1,76,0.0,Без B возможны задержки или перераспределение ресурсов.
1,77,0.08333333333333333,Без B возможны задержки или перераспределение ресурсов.
1,78,0.17,Без B возможны задержки или перераспределение ресурсов.
1,79,0.16666666666666666,Без B возможны задержки или перераспределение ресурсов.
2,0,0.16666666666666666,Без B возможны задержки или перераспределение ресурсов.
2,1,0.333,Без B возможны задержки или перераспределение ресурсов.
2,3,0.3333333333333333,Без B возможны задержки или перераспределение ресурсов.
2,4,0.4167,Без B возможны задержки или перераспределение ресурсов.
2,5,0.4166666666666667,Без B возможны задержки или перераспределение ресурсов.
2,6,0.5,Без B выполнение A невозможно.
2,7,0.16666666666666666,Без B возможны задержки или перераспределение ресурсов.
2,8,0.1667,Без B возможны задержки или перераспределение ресурсов.
2,9,0.08,Без B возможны задержки или перераспределение ресурсов.
2,10,0.25,Без B возможны задержки или перераспределение ресурсов.
2,11,0.16666666666666666,Без B возможны задержки или перераспределение ресурсов.
2,12,0.16666666666666666,Без B возможны задержки или перераспределение ресурсов.
2,13,0.3333333333333333,Без B возможны задержки или перераспределение ресурсов.
2,14,0.5,Без B возможны задержки или перераспределение ресурсов.
2,15,0.17,Без B возможны задержки или перераспределение ресурсов.
2,16,0.25,Без B возможны задержки или перераспределение ресурсов.
2,17,0.0,Без B возможны задержки или перераспределение ресурсов.
2,18,0.08333333333333333,Без B возможны задержки или перераспределение ресурсов.
2,19,0.25,Без B возможны задержки или перераспределение ресурсов.
2,20,0.0,Без B возможны задержки или перераспределение ресурсов.
2,21,0.3333333333333333,Без B возможны задержки или перераспределение ресурсов.
2,22,0.25,Без B возможны задержки или перераспределение ресурсов.
2,23,0.25,Без B возможны задержки или перераспределение ресурсов.
2,24,0.25,Без B возможны задержки или перераспределение ресурсов.
2,25,0.25,Без B возможны задержки или перераспределение ресурсов.
2,26,0.25,Без B возможны задержки или перераспределение ресурсов.
2,27,0.16666666666666666,Без B возможны задержки или перераспределение ресурсов.
2,28,0.16666666666666666,Без B возможны задержки или перераспределение ресурсов.
2,29,0.25,Без B возможны задержки или перераспределение ресурсов.
2,30,0.16666666666666666,Без B возможны задержки или перераспределение ресурсов.
2,31,0.25,Без B возможны задержки или перераспределение ресурсов.
2,32,0.3333333333333333,Без B возможны задержки или перераспределение ресурсов.
2,33,0.3333333333333333,Без B возможны задержки или перераспределение ресурсов.
2,34,0.3333333333333333,Без B возможны задержки или перераспределение ресурсов.
2,35,0.4166666666666667,Без B возможны задержки или перераспределение ресурсов.
2,36,0.25,Без B возможны задержки или перераспределение ресурсов.
2,37,0.3333333333333333,Без B возможны задержки или перераспределение ресурсов.
2,38,0.16666666666666666,Без B возможны задержки или перераспределение ресурсов.
2,39,0.333,Без B возможны задержки или перераспределение ресурсов.
2,40,0.16666666666666666,Без B возможны задержки или перераспределение ресурсов.
2,41,0.16666666666666666,Без B возможны задержки или перераспределение ресурсов.
2,42,0.1667,Без B возможны задержки или перераспределение ресурсов.
2,43,0.0,Без B возможны задержки или перераспределение ресурсов.
2,44,0.0,Без B возможны задержки или перераспределение ресурсов.
2,45,0.0,Без B возможны задержки или перераспределение ресурсов.
2,46,0.17,Без B возможны задержки или перераспределение ресурсов.
2,47,0.25,Без B возможны задержки или перераспределение ресурсов.
2,48,0.25,Без B возможны задержки или перераспределение ресурсов.
2,49,0.17,Без B возможны задержки или перераспределение ресурсов.
2,50,0.1667,Без B возможны задержки или перераспределение ресурсов.
2,51,0.16666666666666666,Без B возможны задержки или перераспределение ресурсов.
2,52,0.08333333333333333,Без B возможны задержки или перераспределение ресурсов.
2,53,0.16666666666666666,Без B возможны задержки или перераспределение ресурсов.
2,54,0.08333333333333333,Без B возможны задержки или перераспределение ресурсов.
2,55,0.08333333333333333,Без B возможны задержки или перераспределение ресурсов.
2,56,0.16666666666666666,Без B возможны задержки или перераспределение ресурсов.
2,57,0.08333333333333333,Без B возможны задержки или перераспределение ресурсов.
2,58,0.08333333333333333,Без B возможны задержки или перераспределение ресурсов.
2,59,0.3333333333333333,Без B возможны задержки или перераспределение ресурсов.
2,60,0.17,Без B возможны задержки или перераспределение ресурсов.
2,61,0.25,Без B возможны задержки или перераспределение ресурсов.
2,62,0.1667,Без B возможны задержки или перераспределение ресурсов.
2,63,0.25,Без B возможны задержки или перераспределение ресурсов.
2,64,0.25,Без B возможны задержки или перераспределение ресурсов.
2,65,0.3333333333333333,Без B возможны задержки или перераспределение ресурсов.
2,66,0.25,Без B возможны задержки или перераспределение ресурсов.
2,67,0.16666666666666666,Без B возможны задержки или перераспределение ресурсов.
2,68,0.08333333333333333,Без B возможны задержки или перераспределение ресурсов.
2,69,0.08333333333333333,Без B возможны задержки или перераспределение ресурсов.
2,70,0.08333333333333333,Без B возможны задержки или перераспределение ресурсов.
2,71,0.16666666666666666,Без B возможны задержки или перераспределение ресурсов.
2,72,0.08333333333333333,Без B возможны задержки или перераспределение ресурсов.
2,73,0.0,Без B возможны задержки или перераспределение ресурсов.
2,74,0.0,Без B возможны задержки или перераспределение ресурсов.
2,75,0.0,Без B возможны задержки или перераспределение ресурсов.
2,76,0.0,Без B возможны задержки или перераспределение ресурсов.
2,77,0.0,Без B возможны задержки или перераспределение ресурсов.
2,78,0.0,Без B возможны задержки или перераспределение ресурсов.
2,79,0.0,Без B возможны задержки или перераспределение ресурсов.
3,0,0.25,Без B возможны задержки или перераспределение ресурсов.
3,1,0.3333333333333333,Без B возможны задержки или перераспределение ресурсов.
3,2,0.4167,Без B возможны задержки или перераспределение ресурсов.
3,4,0.3333333333333333,Без B возможны задержки или перераспределение ресурсов.
3,5,0.5,Без B выполнение A невозможно.
3,6,0.3333333333333333,Без B возможны задержки или перераспределение ресурсов.
3,7,0.16666666666666666,Без B возможны задержки или перераспределение ресурсов.
3,8,0.25,Без B возможны задержки или перераспределение ресурсов.
3,9,0.25,Без B возможны задержки или перераспределение ресурсов.
3,10,0.083,Без B возможны задержки или перераспределение ресурсов.
3,11,0.16666666666666666,Без B возможны задержки или перераспределение ресурсов.
3,12,0.25,Без B возможны задержки или перераспределение ресурсов.
3,13,0.25,Без B возможны задержки или перераспределение ресурсов.
3,14,0.333,Без B возможны задержки или перераспределение ресурсов.
3,15,0.25,Без B возможны задержки или перераспределение ресурсов.
3,16,0.16666666666666666,Без B возможны задержки или перераспределение ресурсов.
3,17,0.333,Без B возможны задержки или перераспределение ресурсов.
3,18,0.16666666666666666,Без B возможны задержки или перераспределение ресурсов.
3,19,0.16666666666666666,Без B возможны задержки или перераспределение ресурсов.
3,20,0.16666666666666666,Без B возможны задержки или перераспределение ресурсов.
3,21,0.16666666666666666,Без B возможны задержки или перераспределение ресурсов.
3,22,0.16666666666666666,Без B возможны задержки или перераспределение ресурсов.
3,23,0.16666666666666666,Без B возможны задержки или перераспределение ресурсов.
3,24,0.16666666666666666,Без B возможны задержки или перераспределение ресурсов.
3,25,0.1667,Без B возможны задержки или перераспределение ресурсов.
3,26,0.25,Без B возможны задержки или перераспределение ресурсов.
3,27,0.16666666666666666,Без B возможны задержки или перераспределение ресурсов.
3,28,0.3333333333333333,Без B возможны задержки или перераспределение ресурсов.
3,29,0.0,Без B возможны задержки или перераспределение ресурсов.
3,30,0.16666666666666666,Без B возможны задержки или перераспределение ресурсов.
3,31,0.25,Без B возможны задержки или перераспределение ресурсов.
3,32,0.3333333333333333,Без B возможны задержки или перераспределение ресурсов.
3,33,0.3333333333333333,Без B возможны задержки или перераспределение ресурсов.
3,34,0.3333333333333333,Без B возможны задержки или перераспределение ресурсов.
3,35,0.25,Без B возможны задержки или перераспределение ресурсов.
3,36,0.25,Без B возможны задержки или перераспределение ресурсов.
3,37,0.25,Без B возможны задержки или перераспределение ресурсов.
3,38,0.08333333333333333,Без B возможны задержки или перераспределение ресурсов.
3,39,0.3333333333333333,Без B возможны задержки или перераспределение ресурсов.
3,40,0.25,Без B возможны задержки или перераспределение ресурсов.
3,41,0.1667,Без B возможны задержки или перераспределение ресурсов.
3,42,0.1667,Без B возможны задержки или перераспределение ресурсов.
3,43,0.16666666666666666,Без B возможны задержки или перераспределение ресурсов.
3,44,0.17,Без B возможны задержки или перераспределение ресурсов.
3,45,0.083,Без B возможны задержки или перераспределение ресурсов.
3,46,0.16666666666666666,Без B возможны задержки или перераспределение ресурсов.
3,47,0.16666666666666666,Без B возможны задержки или перераспределение ресурсов.
3,48,0.33,Без B возможны задержки или перераспределение ресурсов.
3,49,0.0,Без B возможны задержки или перераспределение ресурсов.
3,50,0.1667,Без B возможны задержки или перераспределение ресурсов.
3,51,0.08,Без B возможны задержки или перераспределение ресурсов.
3,52,0.16666666666666666,Без B возможны задержки или перераспределение ресурсов.
3,53,0.16666666666666666,Без B возможны задержки или перераспределение ресурсов.
3,54,0.1667,Без B возможны задержки или перераспределение ресурсов.
3,55,0.08333333333333333,Без B возможны задержки или перераспределение ресурсов.
3,56,0.16666666666666666,Без B возможны задержки или перераспределение ресурсов.
3,57,0.0,Без B возможны задержки или перераспределение ресурсов.
3,58,0.16666666666666666,Без B возможны задержки или перераспределение ресурсов.
3,59,0.25,Без B возможны задержки или перераспределение ресурсов.
3,60,0.0,Без B возможны задержки или перераспределение ресурсов.
3,61,0.25,Без B возможны задержки или перераспределение ресурсов.
3,62,0.25,Без B возможны задержки или перераспределение ресурсов.
3,63,0.25,Без B возможны задержки или перераспределение ресурсов.
3,64,0.3333333333333333,Без B возможны задержки или перераспределение ресурсов.
3,65,0.1667,Без B возможны задержки или перераспределение ресурсов.
3,66,0.16666666666666666,Без B возможны задержки или перераспределение ресурсов.
3,67,0.16666666666666666,Без B возможны задержки или перераспределение ресурсов.
3,68,0.25,Без B возможны задержки или перераспределение ресурсов.
3,69,0.16666666666666666,Без B возможны задержки или перераспределение ресурсов.
3,70,0.08333333333333333,Без B возможны задержки или перераспределение ресурсов.
3,71,0.16666666666666666,Без B возможны задержки или перераспределение ресурсов.
3,72,0.0,Без B возможны задержки или перераспределение ресурсов.
3,73,0.08333333333333333,Без B возможны задержки или перераспределение ресурсов.
3,74,0.08333333333333333,Без B возможны задержки или перераспределение ресурсов.
3,75,0.16666666666666666,Без B возможны задержки или перераспределение ресурсов.
3,76,0.0,Без B влияние на A отсутствует.
3,77,0.083,Без B возможны задержки или перераспределение ресурсов.
3,78,0.0,Без B возможны задержки или перераспределение ресурсов.
3,79,0.08333333333333333,Без B возможны задержки или перераспределение ресурсов.
4,0,0.16666666666666666,Без B возможны задержки или перераспределение ресурсов.
4,1,0.33,Без B возможны задержки или перераспределение ресурсов.
4,2,0.3333333333333333,Без B возможны задержки или перераспределение ресурсов.
4,3,0.333,Без B возможны задержки или перераспределение ресурсов.
4,5,0.3333333333333333,Без B возможны задержки или перераспределение ресурсов.
4,6,0.3333333333333333,Без B возможны задержки или перераспределение ресурсов.
4,7,0.08333333333333333,Без B возможны задержки или перераспределение ресурсов.
4,8,0.16666666666666666,Без B возможны задержки или перераспределение ресурсов.
4,9,0.16666666666666666,Без B возможны задержки или перераспределение ресурсов.
4,10,0.16666666666666666,Без B возможны задержки или перераспределение ресурсов.
4,11,0.25,Без B возможны задержки или перераспределение ресурсов.
4,12,0.08,Без B возможны задержки или перераспределение ресурсов.
4,13,0.3333333333333333,Без B возможны задержки или перераспределение ресурсов.
4,14,0.33,Без B возможны задержки или перераспределение ресурсов.
4,15,0.17,Без B возможны задержки или перераспределение ресурсов.
4,16,0.08333333333333333,Без B возможны задержки или перераспределение ресурсов.
4,17,0.16666666666666666,Без B возможны задержки или перераспределение ресурсов.
4,18,0.25,Без B возможны задержки или перераспределение ресурсов.
4,19,0.0,Без B возможны задержки или перераспределение ресурсов.
4,20,0.17,Без B возможны задержки или перераспределение ресурсов.
4,21,0.25,Без B возможны задержки или перераспределение ресурсов.
4,22,0.25,Без B возможны задержки или перераспределение ресурсов.
4,23,0.16666666666666666,Без B возможны задержки или перераспределение ресурсов.
4,24,0.3333333333333333,Без B возможны задержки или перераспределение ресурсов.
4,25,0.25,Без B возможны задержки или перераспределение ресурсов.
4,26,0.25,Без B возможны задержки или перераспределение ресурсов.
4,27,0.1667,Без B возможны задержки или перераспределение ресурсов.
4,28,0.25,Без B возможны задержки или перераспределение ресурсов.
4,29,0.16666666666666666,Без B возможны задержки или перераспределение ресурсов
4,30,0.25,Без B возможны задержки или перераспределение ресурсов.
4,31,0.25,Без B возможны задержки или перераспределение ресурсов.
4,32,0.25,Без B возможны задержки или перераспределение ресурсов.
4,33,0.0,Без B возможны задержки или перераспределение ресурсов.
4,34,0.33,Без B возможны задержки или перераспределение ресурсов.
4,35,0.25,Без B возможны задержки или перераспределение ресурсов.
4,36,0.08333333333333333,Без B возможны задержки или перераспределение ресурсов.
4,37,0.3333333333333333,Без B возможны задержки или перераспределение ресурсов.
4,38,0.3333333333333333,Без B возможны задержки или перераспределение ресурсов.
4,39,0.16666666666666666,Без B возможны задержки или перераспределение ресурсов.
4,40,0.17,Без B возможны задержки или перераспределение ресурсов.
4,41,0.0,Без B возможны задержки или перераспределение ресурсов.
4,42,0.25,Без B возможны задержки или перераспределение ресурсов.
4,43,0.0,Без B возможны задержки или перераспределение ресурсов.
4,44,0.0,Без B возможны задержки или перераспределение ресурсов.
4,45,0.25,Без B возможны задержки или перераспределение ресурсов.
4,46,0.1667,Без B возможны задержки или перераспределение ресурсов.
4,47,0.16666666666666666,Без B возможны задержки или перераспределение ресурсов.
4,48,0.16666666666666666,Без B возможны задержки или перераспределение ресурсов.
4,49,0.083,Без B возможны задержки или перераспределение ресурсов.
4,50,0.08333333333333333,Без B возможны задержки или перераспределение ресурсов.
4,51,0.17,Без B возможны задержки или перераспределение ресурсов.
4,52,0.0,Без B возможны задержки или перераспределение ресурсов.
4,53,0.25,Без B возможны задержки или перераспределение ресурсов.
4,54,0.25,Без B возможны задержки или перераспределение ресурсов.
4,55,0.08333333333333333,Без B возможны задержки или перераспределение ресурсов.
4,56,0.17,Без B возможны задержки или перераспределение ресурсов.
4,57,0.16666666666666666,Без B возможны задержки или перераспределение ресурсов.
4,58,0.333,Без B возможны задержки или перераспределение ресурсов.
4,59,0.0,Без B возможны задержки или перераспределение ресурсов.
4,60,0.3333333333333333,Без B возможны задержки или перераспределение ресурсов.
4,61,0.25,Без B возможны задержки или перераспределение ресурсов.
4,62,0.25,Без B возможны задержки или перераспределение ресурсов.
4,63,0.08333333333333333,Без B возможны задержки или перераспределение ресурсов.
4,64,0.08333333333333333,Без B возможны задержки или перераспределение ресурсов.
4,65,0.25,Без B возможны задержки или перераспределение ресурсов.
4,66,0.16666666666666666,Без B возможны задержки или перераспределение ресурсов.
4,67,0.25,Без B возможны задержки или перераспределение ресурсов.
4,68,0.16666666666666666,Без B возможны задержки или перераспределение ресурсов.
4,69,0.16666666666666666,Без B возможны задержки или перераспределение ресурсов.
4,70,0.08333333333333333,Без B возможны задержки или перераспределение ресурсов.
4,71,0.0,Без B возможны задержки или перераспределение ресурсов.
4,72,0.0833,Без B возможны задержки или перераспределение ресурсов.
4,73,0.0,Без B возможны задержки или перераспределение ресурсов.
4,74,0.08,Без B возможны задержки или перераспределение ресурсов.
4,75,0.0,Без B возможны задержки или перераспределение ресурсов.
4,76,0.16666666666666666,Без B возможны задержки или перераспределение ресурсов.
4,77,0.0,Без B возможны задержки или перераспределение ресурсов.
4,78,0.1667,Без B возможны задержки или перераспределение ресурсов.
4,79,0.0,Без B возможны задержки или перераспределение ресурсов.
5,0,0.08333333333333333,Без B возможны задержки или перераспределение ресурсов.
5,1,0.58,Без B выполнение A невозможно.
5,2,0.4167,Без B возможны задержки или перераспределение ресурсов.
5,3,0.1667,Без B возможны задержки или перераспределение ресурсов.
5,4,0.3333333333333333,Без B возможны задержки или перераспределение ресурсов.
5,6,0.3333333333333333,Без B возможны задержки или перераспределение ресурсов.
5,7,0.08333333333333333,Без B возможны задержки или перераспределение ресурсов.
5,8,0.08333333333333333,Без B возможны задержки или перераспределение ресурсов.
5,9,0.25,Без B возможны задержки или перераспределение ресурсов.
5,10,0.16666666666666666,Без B возможны задержки или перераспределение ресурсов.
5,11,0.25,Без B возможны задержки или перераспределение ресурсов.
5,12,0.25,Без B возможны задержки или перераспределение ресурсов.
5,13,0.1667,Без B возможны задержки или перераспределение ресурсов.
5,14,0.3333333333333333,Без B возможны задержки или перераспределение ресурсов.
5,15,0.333,Без B возможны задержки или перераспределение ресурсов.
5,16,0.16666666666666666,Без B возможны задержки или перераспределение ресурсов.
5,17,0.0,Без B возможны задержки или перераспределение ресурсов.
5,18,0.16666666666666666,Без B возможны задержки или перераспределение ресурсов.
5,19,0.25,Без B возможны задержки или перераспределение ресурсов.
5,20,0.083,Без B возможны задержки или перераспределение ресурсов.
5,21,0.25,Без B возможны задержки или перераспределение ресурсов.
5,22,0.17,Без B возможны задержки или перераспределение ресурсов.
5,23,0.3333333333333333,Без B возможны задержки или перераспределение ресурсов.
5,24,0.25,Без B возможны задержки или перераспределение ресурсов.
5,25,0.3333333333333333,Без B возможны задержки или перераспределение ресурсов.
5,26,0.1667,Без B возможны задержки или перераспределение ресурсов.
5,27,0.16666666666666666,Без B возможны задержки или перераспределение ресурсов.
5,28,0.3333333333333333,Без B возможны задержки или перераспределение ресурсов.
5,29,0.25,Без B возможны задержки или перераспределение ресурсов.
5,30,0.08333333333333333,Без B возможны задержки или перераспределение ресурсов.
5,31,0.3333333333333333,Без B возможны задержки или перераспределение ресурсов.
5,32,0.25,Без B возможны задержки или перераспределение ресурсов.
5,33,0.25,Без B возможны задержки или перераспределение ресурсов.
5,34,0.16666666666666666,Без B возможны задержки или перераспределение ресурсов.
5,35,0.25,Без B возможны задержки или перераспределение ресурсов.
5,36,0.25,Без B возможны задержки или перераспределение ресурсов.
5,37,0.25,Без B возможны задержки или перераспределение ресурсов.
5,38,0.3333333333333333,Без B возможны задержки или перераспределение ресурсов.
5,39,0.25,Без B возможны задержки или перераспределение ресурсов.
5,40,0.0,Без B возможны задержки или перераспределение ресурсов.
5,41,0.16666666666666666,Без B возможны задержки или перераспределение ресурсов.
5,42,0.25,Без B возможны задержки или перераспределение ресурсов.
5,43,0.16666666666666666,Без B возможны задержки или перераспределение ресурсов.
5,44,0.0,Без B возможны задержки или перераспределение ресурсов.
5,45,0.16666666666666666,Без B возможны задержки или перераспределение ресурсов.
5,46,0.16666666666666666,Без B возможны задержки или перераспределение ресурсов.
5,47,0.08333333333333333,Без B возможны задержки или перераспределение ресурсов.
5,48,0.08333333333333333,Без B возможны задержки или перераспределение ресурсов.
5,49,0.25,Без B возможны задержки или перераспределение ресурсов.
5,50,0.0,Без B возможны задержки или перераспределение ресурсов.
5,51,0.3333333333333333,Без B возможны задержки или перераспределение ресурсов.
5,52,0.25,Без B возможны задержки или перераспределение ресурсов.
5,53,0.0,Без B возможны задержки или перераспределение ресурсов.
5,54,0.1667,Без B возможны задержки или перераспределение ресурсов.
5,55,0.16666666666666666,Без B возможны задержки или перераспределение ресурсов.
5,56,0.16666666666666666,Без B возможны задержки или перераспределение ресурсов.
5,57,0.0,Без B возможны задержки или перераспределение ресурсов.
5,58,0.25,Без B возможны задержки или перераспределение ресурсов.
5,59,0.17,Без B возможны задержки или перераспределение ресурсов.
5,60,0.25,Без B возможны задержки или перераспределение ресурсов.
5,61,0.25,Без B возможны задержки или перераспределение ресурсов.
5,62,0.25,Без B возможны задержки или перераспределение ресурсов.
5,63,0.16666666666666666,Без B возможны задержки или перераспределение ресурсов.
5,64,0.16666666666666666,Без B возможны задержки или перераспределение ресурсов.
5,65,0.0,Без B возможны задержки или перераспределение ресурсов.
5,66,0.16666666666666666,Без B возможны задержки или перераспределение ресурсов.
5,67,0.25,Без B возможны задержки или перераспределение ресурсов.
5,68,0.25,Без B возможны задержки или перераспределение ресурсов.
5,69,0.16666666666666666,Без B возможны задержки или перераспределение ресурсов.
5,70,0.0,Отсутствие влияния на A из-за независимости мероприятий.
5,71,0.0,Без B возможны задержки или перераспределение ресурсов.
5,72,0.08333333333333333,Без B возможны задержки или перераспределение ресурсов.
5,73,0.0,Без B возможны задержки или перераспределение ресурсов.
5,74,0.08333333333333333,Без B возможны задержки или перераспределение ресурсов.
5,75,0.0,Без B возможны задержки или перераспределение ресурсов.
5,76,0.16666666666666666,Без B возможны задержки или перераспределение ресурсов.
5,77,0.0,Без B возможны задержки или перераспределение ресурсов.
5,78,0.0,Без B возможны задержки или перераспределение ресурсов.
5,79,0.083,Без B возможны задержки или перераспределение ресурсов.
6,0,0.3333333333333333,Без B возможны задержки или перераспределение ресурсов.
6,1,0.3333333333333333,Без B возможны задержки или перераспределение ресурсов.
6,2,0.25,Без B возможны задержки или перераспределение ресурсов.
6,3,0.3333333333333333,Без B возможны задержки или перераспределение ресурсов.
6,4,0.33,Без B возможны задержки или перераспределение ресурсов.
6,5,0.6666666666666666,Без B возможны задержки или перераспределение ресурсов.
6,7,0.16666666666666666,Без B возможны задержки или перераспределение ресурсов.
6,8,0.16666666666666666,Без B возможны задержки или перераспределение ресурсов.
6,9,0.16666666666666666,Без B возможны задержки или перераспределение ресурсов.
6,10,0.16666666666666666,Без B возможны задержки или перераспределение ресурсов.
6,11,0.25,Без B возможны задержки или перераспределение ресурсов.
6,12,0.0833,Без B возможны задержки или перераспределение ресурсов.
6,13,0.25,Без B возможны задержки или перераспределение ресурсов.
6,14,0.3333333333333333,Без B возможны задержки или перераспределение ресурсов.
6,15,0.17,Без B возможны задержки или перераспределение ресурсов.
6,16,0.08,Без B возможны задержки или перераспределение ресурсов.
6,17,0.08,Без B возможны задержки или перераспределение ресурсов.
6,18,0.08333333333333333,Без B возможны задержки или перераспределение ресурсов.
6,19,0.1667,Без B возможны задержки или перераспределение ресурсов.
6,20,0.16666666666666666,Без B возможны задержки или перераспределение ресурсов.
6,21,0.4166666666666667,Без B возможны задержки или перераспределение ресурсов.
6,22,0.16666666666666666,Без B возможны задержки или перераспределение ресурсов.
6,23,0.25,Без B возможны задержки или перераспределение ресурсов.
6,24,0.16666666666666666,Без B возможны задержки или перераспределение ресурсов.
6,25,0.333,Без B возможны задержки или перераспределение ресурсов.
6,26,0.25,Без B возможны задержки или перераспределение ресурсов.
6,27,0.0,Без B возможны задержки или перераспределение ресурсов.
6,28,0.17,Без B возможны задержки или перераспределение ресурсов.
6,29,0.25,Без B возможны задержки или перераспределение ресурсов.
6,30,0.25,Без B возможны задержки или перераспределение ресурсов.
6,31,0.16666666666666666,Без B возможны задержки или перераспределение ресурсов.
6,32,0.16666666666666666,Без B возможны задержки или перераспределение ресурсов.
6,33,0.333,Без B возможны задержки или перераспределение ресурсов.
6,34,0.3333333333333333,Без B возможны задержки или перераспределение ресурсов.
6,35,0.17,Без B возможны задержки или перераспределение ресурсов.
6,36,0.16666666666666666,Без B возможны задержки или перераспределение ресурсов.
6,37,0.17,Без B возможны задержки или перераспределение ресурсов.
6,38,0.25,Без B возможны задержки или перераспределение ресурсов.
6,39,0.25,Без B возможны задержки или перераспределение ресурсов.
6,40,0.16666666666666666,Без B возможны задержки или перераспределение ресурсов.
6,41,0.16666666666666666,Без B возможны задержки или перераспределение ресурсов.
6,42,0.16666666666666666,Без B возможны задержки или перераспределение ресурсов.
6,43,0.0,Без B возможны задержки или перераспределение ресурсов.
6,44,0.0,Без B возможны задержки или перераспределение ресурсов.
6,45,0.25,Без B возможны задержки или перераспределение ресурсов.
6,46,0.16666666666666666,Без B возможны задержки или перераспределение ресурсов.
6,47,0.16666666666666666,Без B возможны задержки или перераспределение ресурсов.
6,48,0.083,Без B возможны задержки или перераспределение ресурсов.
6,49,0.08333333333333333,Без B возможны задержки или перераспределение ресурсов.
6,50,0.3333333333333333,Без B возможны задержки или перераспределение ресурсов.
6,51,0.25,Без B возможны задержки или перераспределение ресурсов.
6,52,0.16666666666666666,Без B возможны задержки или перераспределение ресурсов.
6,53,0.0,Без B возможны задержки или перераспределение ресурсов.
6,54,0.0,Без B возможны задержки или перераспределение ресурсов.
6,55,0.0,Без B возможны задержки или перераспределение ресурсов.
6,56,0.25,Без B возможны задержки или перераспределение ресурсов.
6,57,0.25,Без B возможны задержки или перераспределение ресурсов.
6,58,0.1667,Без B возможны задержки или перераспределение ресурсов.
6,59,0.16666666666666666,Без B возможны задержки или перераспределение ресурсов.
6,60,0.17,Без B возможны задержки или перераспределение ресурсов.
6,61,0.1667,Без B возможны задержки или перераспределение ресурсов.
6,62,0.08,Без B возможны задержки или перераспределение ресурсов.
6,63,0.16666666666666666,Без B возможны задержки или перераспределение ресурсов.
6,64,0.25,Без B возможны задержки или перераспределение ресурсов.
6,65,0.25,Без B возможны задержки или перераспределение ресурсов.
6,66,0.16666666666666666,Без B возможны задержки или перераспределение ресурсов.
6,67,0.16666666666666666,Без B возможны задержки или перераспределение ресурсов.
6,68,0.25,Без B возможны задержки или перераспределение ресурсов.
6,69,0.16666666666666666,Без B возможны задержки или перераспределение ресурсов.
6,70,0.0,Без B возможны задержки или перераспределение ресурсов.
6,71,0.0,Без B возможны задержки или перераспределение ресурсов.
6,72,0.0,Без B возможны задержки или перераспределение ресурсов.
6,73,0.16666666666666666,Без B возможны задержки или перераспределение ресурсов.
6,74,0.0,Без B возможны задержки или перераспределение ресурсов.
6,75,0.16666666666666666,Без B возможны задержки или перераспределение ресурсов.
6,76,0.0,Без B возможны задержки или перераспределение ресурсов.
6,77,0.0,Без B возможны задержки или перераспределение ресурсов.
6,78,0.0,Без B возможны задержки или перераспределение ресурсов.
6,79,0.0,Без B возможны задержки или перераспределение ресурсов.
7,0,0.1667,Без B возможны задержки или перераспределение ресурсов.
7,1,0.25,Без B возможны задержки или перераспределение ресурсов.
7,2,0.3333333333333333,Без B возможны задержки или перераспределение ресурсов.
7,3,0.333,Без B возможны задержки или перераспределение ресурсов.
7,4,0.1667,Без B возможны задержки или перераспределение ресурсов.
7,5,0.25,Без B возможны задержки или перераспределение ресурсов.
7,6,0.08333333333333333,Без B возможны задержки или перераспределение ресурсов.
7,8,0.6666666666666666,Без B выполнение A невозможно.
7,9,0.25,Без B возможны задержки или перераспределение ресурсов.
7,10,0.6666666666666666,Без B выполнение A невозможно.
7,11,0.4166666666666667,Без B возможны задержки или перераспределение ресурсов.
7,12,0.3333333333333333,Без B возможны задержки или перераспределение ресурсов.
7,13,0.0,Без B возможны задержки или перераспределение ресурсов.
7,14,0.3333333333333333,Без B возможны задержки или перераспределение ресурсов.
7,15,0.16666666666666666,Без B возможны задержки или перераспределение ресурсов.
7,16,0.25,Без B возможны задержки или перераспределение ресурсов.
7,17,0.16666666666666666,Без B возможны задержки или перераспределение ресурсов.
7,18,0.08,Без B возможны задержки или перераспределение ресурсов.
7,19,0.25,Без B возможны задержки или перераспределение ресурсов.
7,20,0.17,Без B возможны задержки или перераспределение ресурсов.
7,21,0.25,Без B возможны задержки или перераспределение ресурсов.
7,22,0.16666666666666666,Без B возможны задержки или перераспределение ресурсов.
7,23,0.17,Без B возможны задержки или перераспределение ресурсов.
7,24,0.16666666666666666,Без B возможны задержки или перераспределение ресурсов.
7,25,0.16666666666666666,Без B возможны задержки или перераспределение ресурсов.
7,26,0.16666666666666666,Без B возможны задержки или перераспределение ресурсов.
7,27,0.1667,Без B возможны задержки или перераспределение ресурсов.
7,28,0.16666666666666666,Без B возможны задержки или перераспределение ресурсов.
7,29,0.25,Без B возможны задержки или перераспределение ресурсов.
7,30,0.16666666666666666,Без B возможны задержки или перераспределение ресурсов.
7,31,0.25,Без B возможны задержки или перераспределение ресурсов.
7,32,0.1667,Без B возможны задержки или перераспределение ресурсов.
7,33,0.16666666666666666,Без B возможны задержки или перераспределение ресурсов.
7,34,0.25,Без B возможны задержки или перераспределение ресурсов.
7,35,0.16666666666666666,Без B возможны задержки или перераспределение ресурсов.
7,36,0.25,Без B возможны задержки или перераспределение ресурсов.
7,37,0.16666666666666666,Без B возможны задержки или перераспределение ресурсов.
7,38,0.25,Без B возможны задержки или перераспределение ресурсов.
7,39,0.25,Без B возможны задержки или перераспределение ресурсов.
7,40,0.16666666666666666,Без B возможны задержки или перераспределение ресурсов.
7,41,0.0,Без B возможны задержки или перераспределение ресурсов.
7,42,0.25,Без B возможны задержки или перераспределение ресурсов.
7,43,0.0,Без B возможны задержки или перераспределение ресурсов.
7,44,0.0,Без B возможны задержки или перераспределение ресурсов.
7,45,0.0,Без B возможны задержки или перераспределение ресурсов.
7,46,0.16666666666666666,Без B возможны задержки или перераспределение ресурсов.
7,47,0.16666666666666666,Без B возможны задержки или перераспределение ресурсов.
7,48,0.16666666666666666,Без B возможны задержки или перераспределение ресурсов.
7,49,0.25,Без B возможны задержки или перераспределение ресурсов.
7,50,0.25,Без B возможны задержки или перераспределение ресурсов.
7,51,0.25,Без B возможны задержки или перераспределение ресурсов.
7,52,0.16666666666666666,Без B возможны задержки или перераспределение ресурсов.
7,53,0.16666666666666666,Без B возможны задержки или перераспределение ресурсов.
7,54,0.1667,Без B возможны задержки или перераспределение ресурсов.
7,55,0.08333333333333333,Без B возможны задержки или перераспределение ресурсов.
7,56,0.0,Без B возможны задержки или перераспределение ресурсов.
7,57,0.16666666666666666,Без B возможны задержки или перераспределение ресурсов.
7,58,0.25,Без B возможны задержки или перераспределение ресурсов.
7,59,0.25,Без B возможны задержки или перераспределение ресурсов.
7,60,0.16666666666666666,Без B возможны задержки или перераспределение ресурсов.
7,61,0.1667,Без B возможны задержки или перераспределение ресурсов.
7,62,0.083,Без B возможны задержки или перераспределение ресурсов.
7,63,0.16666666666666666,Без B возможны задержки или перераспределение ресурсов.
7,64,0.083,Без B возможны задержки или перераспределение ресурсов.
7,65,0.25,Без B возможны задержки или перераспределение ресурсов.
7,66,0.16666666666666666,Без B возможны задержки или перераспределение ресурсов.
7,67,0.08333333333333333,Без B возможны задержки или перераспределение ресурсов.
7,68,0.16666666666666666,Без B возможны задержки или перераспределение ресурсов.
7,69,0.25,Без B возможны задержки или перераспределение ресурсов.
7,70,0.25,Без B возможны задержки или перераспределение ресурсов.
7,71,0.16666666666666666,Без B возможны задержки или перераспределение ресурсов.
7,72,0.0,Без B возможны задержки или перераспределение ресурсов.
7,73,0.25,Без B возможны задержки или перераспределение ресурсов.
7,74,0.16666666666666666,Без B возможны задержки или перераспределение ресурсов.
7,75,0.16666666666666666,Без B возможны задержки или перераспределение ресурсов.
7,76,0.08333333333333333,Без B возможны задержки или перераспределение ресурсов.
7,77,0.25,Без B возможны задержки или перераспределение ресурсов.
7,78,0.16666666666666666,Без B возможны задержки или перераспределение ресурсов.
7,79,0.25,Без B возможны задержки или перераспределение ресурсов.
8,0,0.3333333333333333,Без B возможны задержки или перераспределение ресурсов.
8,1,0.25,Без B возможны задержки или перераспределение ресурсов.
8,2,0.08,Без B возможны задержки или перераспределение ресурсов.
8,3,0.08,Без B возможны задержки или перераспределение ресурсов.
8,4,0.333,Без B возможны задержки или перераспределение ресурсов.
8,5,0.16666666666666666,Без B возможны задержки или перераспределение ресурсов.
8,6,0.16666666666666666,Без B возможны задержки или перераспределение ресурсов.
8,7,0.6666666666666666,Без B выполнение A невозможно.
8,9,0.3333333333333333,Без B возможны задержки или перераспределение ресурсов.
8,10,0.3333333333333333,Без B возможны задержки или перераспределение ресурсов.
8,11,0.6666666666666666,Без B выполнение A невозможно.
8,12,0.6667,Без B выполнение A невозможно.
8,13,0.16666666666666666,Без B возможны задержки или перераспределение ресурсов.
8,14,0.3333333333333333,Без B возможны задержки или перераспределение ресурсов.
8,15,0.25,Без B возможны задержки или перераспределение ресурсов.
8,16,0.083,Без B возможны задержки или перераспределение ресурсов.
8,17,0.17,Без B возможны задержки или перераспределение ресурсов.
8,18,0.25,Без B возможны задержки или перераспределение ресурсов.
8,19,0.25,Без B возможны задержки или перераспределение ресурсов.
8,20,0.08,Без B возможны задержки или перераспределение ресурсов.
8,21,0.1667,Без B возможны задержки или перераспределение ресурсов.
8,22,0.0,Без B возможны задержки или перераспределение ресурсов.
8,23,0.16666666666666666,Без B возможны задержки или перераспределение ресурсов.
8,24,0.16666666666666666,Без B возможны задержки или перераспределение ресурсов.
8,25,0.1667,Без B возможны задержки или перераспределение ресурсов.
8,26,0.17,Без B возможны задержки или перераспределение ресурсов.
8,27,0.0,Без B возможны задержки или перераспределение ресурсов.
8,28,0.25,Без B возможны задержки или перераспределение ресурсов.
8,29,0.0,Без B возможны задержки или перераспределение ресурсов.
8,30,0.16666666666666666,Без B возможны задержки или перераспределение ресурсов.
8,31,0.25,Без B возможны задержки или перераспределение ресурсов.
8,32,0.17,Без B возможны задержки или перераспределение ресурсов.
8,33,0.25,Без B возможны задержки или перераспределение ресурсов.
8,34,0.5,Без B выполнение A невозможно.
8,35,0.25,Без B возможны задержки или перераспределение ресурсов.
8,36,0.16666666666666666,Без B возможны задержки или перераспределение ресурсов.
8,37,0.25,Без B возможны задержки или перераспределение ресурсов.
8,38,0.0,Без B возможны задержки или перераспределение ресурсов.
8,39,0.1667,Без B возможны задержки или перераспределение ресурсов.
8,40,0.08,Без B возможны задержки или перераспределение ресурсов.
8,41,0.0,Без B возможны задержки или перераспределение ресурсов.
8,42,0.16666666666666666,Без B возможны задержки или перераспределение ресурсов.
8,43,0.0,Без B возможны задержки или перераспределение ресурсов.
8,44,0.0,Без B возможны задержки или перераспределение ресурсов.
8,45,0.0,Без B возможны задержки или перераспределение ресурсов.
8,46,0.0,Без B возможны задержки или перераспределение ресурсов.
8,47,0.08333333333333333,Без B возможны задержки или перераспределение ресурсов.
8,48,0.1667,Без B возможны задержки или перераспределение ресурсов.
8,49,0.0,Без B возможны задержки или перераспределение ресурсов.
8,50,0.25,Без B возможны задержки или перераспределение ресурсов.
8,51,0.25,Без B возможны задержки или перераспределение ресурсов.
8,52,0.3333333333333333,Без B возможны задержки или перераспределение ресурсов.
8,53,0.083,Без B возможны задержки или перераспределение ресурсов.
8,54,0.08333333333333333,Без B возможны задержки или перераспределение ресурсов.
8,55,0.08333333333333333,Без B возможны задержки или перераспределение ресурсов.
8,56,0.25,Без B возможны задержки или перераспределение ресурсов.
8,57,0.083,Без B возможны задержки или перераспределение ресурсов.
8,58,0.25,Без B возможны задержки или перераспределение ресурсов.
8,59,0.333,Без B возможны задержки или перераспределение ресурсов.
8,60,0.25,Без B возможны задержки или перераспределение ресурсов.
8,61,0.25,Без B возможны задержки или перераспределение ресурсов.
8,62,0.16666666666666666,Без B возможны задержки или перераспределение ресурсов.
8,63,0.16666666666666666,Без B возможны задержки или перераспределение ресурсов.
8,64,0.16666666666666666,Без B возможны задержки или перераспределение ресурсов.
8,65,0.0,Без B возможны задержки или перераспределение ресурсов.
8,66,0.33,Без B возможны задержки или перераспределение ресурсов.
8,67,0.0,Без B возможны задержки или перераспределение ресурсов.
8,68,0.08,Без B возможны задержки или перераспределение ресурсов.
8,69,0.25,Без B возможны задержки или перераспределение ресурсов.
8,70,0.16666666666666666,Без B возможны задержки или перераспределение ресурсов.
8,71,0.167,Без B возможны задержки или перераспределение ресурсов.
8,72,0.16666666666666666,Без B возможны задержки или перераспределение ресурсов.
8,73,0.0,Без B возможны задержки или перераспределение ресурсов.
8,74,0.08333333333333333,Без B возможны задержки или перераспределение ресурсов.
8,75,0.1667,Без B возможны задержки или перераспределение ресурсов.
8,76,0.16666666666666666,Без B возможны задержки или перераспределение ресурсов.
8,77,0.083,Без B возможны задержки или перераспределение ресурсов.
8,78,0.25,Без B возможны задержки или перераспределение ресурсов.
8,79,0.0,Без B возможны задержки или перераспределение ресурсов.
9,0,0.25,Без B возможны задержки или перераспределение ресурсов.
9,1,0.333,Без B возможны задержки или перераспределение ресурсов.
9,2,0.25,Без B возможны задержки или перераспределение ресурсов.
9,3,0.25,Без B возможны задержки или перераспределение ресурсов.
9,4,0.3333333333333333,Без B возможны задержки или перераспределение ресурсов.
9,5,0.333,Без B возможны задержки или перераспределение ресурсов.
9,6,0.25,Без B возможны задержки или перераспределение ресурсов.
9,7,0.6666666666666666,Без B выполнение A невозможно.
9,8,0.6666666666666666,Без B выполнение A невозможно.
9,10,0.3333333333333333,Без B возможны задержки или перераспределение ресурсов.
9,11,0.6666666666666666,Без B выполнение A невозможно.
9,12,0.6666666666666666,Без B выполнение A невозможно.
9,13,0.25,Без B возможны задержки или перераспределение ресурсов.
9,14,0.25,Без B возможны задержки или перераспределение ресурсов.
9,15,0.25,Без B возможны задержки или перераспределение ресурсов.
9,16,0.25,Без B возможны задержки или перераспределение ресурсов.
9,17,0.16666666666666666,Без B возможны задержки или перераспределение ресурсов.
9,18,0.16666666666666666,Без B возможны задержки или перераспределение ресурсов.
9,19,0.0,Без B возможны задержки или перераспределение ресурсов.
9,20,0.0,Без B возможны задержки или перераспределение ресурсов.
9,21,0.16666666666666666,Без B возможны задержки или перераспределение ресурсов.
9,22,0.16666666666666666,Без B возможны задержки или перераспределение ресурсов.
9,23,0.0,Без B возможны задержки или перераспределение ресурсов.
9,24,0.16666666666666666,Без B возможны задержки или перераспределение ресурсов.
9,25,0.16666666666666666,Без B возможны задержки или перераспределение ресурсов.
9,26,0.16666666666666666,Без B возможны задержки или перераспределение ресурсов.
9,27,0.16666666666666666,Без B возможны задержки или перераспределение ресурсов.
9,28,0.3333333333333333,Без B возможны задержки или перераспределение ресурсов.
9,29,0.3333333333333333,Без B возможны задержки или перераспределение ресурсов.
9,30,0.16666666666666666,Без B возможны задержки или перераспределение ресурсов.
9,31,0.25,Без B возможны задержки или перераспределение ресурсов.
9,32,0.16666666666666666,Без B возможны задержки или перераспределение ресурсов.
9,33,0.25,Без B возможны задержки или перераспределение ресурсов.
9,34,0.16666666666666666,Без B возможны задержки или перераспределение ресурсов.
9,35,0.16666666666666666,Без B возможны задержки или перераспределение ресурсов.
9,36,0.333,Без B возможны задержки или перераспределение ресурсов.
9,37,0.16666666666666666,Без B возможны задержки или перераспределение ресурсов.
9,38,0.3333333333333333,Без B возможны задержки или перераспределение ресурсов.
9,39,0.16666666666666666,Без B возможны задержки или перераспределение ресурсов.
9,40,0.0,Без B возможны задержки или перераспределение ресурсов.
9,41,0.0,Без B возможны задержки или перераспределение ресурсов.
9,42,0.0,Без B возможны задержки или перераспределение ресурсов.
9,43,0.08333333333333333,Без B возможны задержки или перераспределение ресурсов.
9,44,0.1667,Без B возможны задержки или перераспределение ресурсов.
9,45,0.16666666666666666,Без B возможны задержки или перераспределение ресурсов.
9,46,0.3333333333333333,Без B возможны задержки или перераспределение ресурсов.
9,47,0.1667,Без B возможны задержки или перераспределение ресурсов.
9,48,0.25,Без B возможны задержки или перераспределение ресурсов.
9,49,0.16666666666666666,Без B возможны задержки или перераспределение ресурсов.
9,50,0.16666666666666666,Без B возможны задержки или перераспределение ресурсов.
9,51,0.33,Без B возможны задержки или перераспределение ресурсов.
9,52,0.25,Без B возможны задержки или перераспределение ресурсов.
9,53,0.17,Без B возможны задержки или перераспределение ресурсов.
9,54,0.0,Без B возможны задержки или перераспределение ресурсов.
9,55,0.25,Без B возможны задержки или перераспределение ресурсов.
9,56,0.16666666666666666,Без B возможны задержки или перераспределение ресурсов.
9,57,0.16666666666666666,Без B возможны задержки или перераспределение ресурсов.
9,58,0.25,Без B возможны задержки или перераспределение ресурсов.
9,59,0.25,Без B возможны задержки или перераспределение ресурсов.
9,60,0.25,Без B возможны задержки или перераспределение ресурсов.
9,61,0.25,Без B возможны задержки или перераспределение ресурсов.
9,62,0.3333333333333333,Без B возможны задержки или перераспределение ресурсов.
9,63,0.17,Без B возможны задержки или перераспределение ресурсов.
9,64,0.3333333333333333,Без B возможны задержки или перераспределение ресурсов.
9,65,0.0,Без B возможны задержки или перераспределение ресурсов.
9,66,0.16666666666666666,Без B возможны задержки или перераспределение ресурсов.
9,67,0.3333333333333333,Без B возможны задержки или перераспределение ресурсов.
9,68,0.08333333333333333,Без B возможны задержки или перераспределение ресурсов.
9,69,0.25,Без B возможны задержки или перераспределение ресурсов.
9,70,0.0,Без B возможны задержки или перераспределение ресурсов.
9,71,0.16666666666666666,Без B возможны задержки или перераспределение ресурсов.
9,72,0.1667,Без B возможны задержки или перераспределение ресурсов.
9,73,0.0,Без B возможны задержки или перераспределение ресурсов.
9,74,0.17,Без B возможны задержки или перераспределение ресурсов.
9,75,0.16666666666666666,Без B возможны задержки или перераспределение ресурсов.
9,76,0.16666666666666666,Без B возможны задержки или перераспределение ресурсов.
9,77,0.16666666666666666,Без B возможны задержки или перераспределение ресурсов.
9,78,0.16666666666666666,Без B возможны задержки или перераспределение ресурсов.
9,79,0.08333333333333333,Без B возможны задержки или перераспределение ресурсов.
